Gold Leaf Chile,Sin Filtro,Rubio,Normal,t,0.78,2.78,Chile Tabacco Co. 1,6.5,2.0,10,20
Royal Blend Chile,Con Filtro,Rubio,SuperLight,f,1.13,11.77,Chile Tabacco Co. 1,6.5,2.0,10,20
Mountain Mist Chile,Sin Filtro,Rubio,Normal,t,1.13,13.23,Chile Tabacco Co. 1,6.5,2.0,10,20
Ocean Breeze Chile,Sin Filtro,Negro,Normal,t,1.01,7.82,Chile Tabacco Co. 1,6.5,2.0,10,20
Urban Classic Chile,Sin Filtro,Rubio,Normal,f,0.42,8.26,Chile Tabacco Co. 1,6.5,2.0,10,20
Midnight Silk Chile,Con Filtro,Negro,Normal,t,0.63,7.23,Chile Tabacco Co. 1,6.5,2.0,10,20
Highland Peak Chile,Con Filtro,Negro,Normal,f,1.1,12.49,Chile Tabacco Co. 1,6.5,2.0,10,20
Silver Lining Chile,Con Filtro,Negro,SuperLight,f,0.53,7.99,Chile Tabacco Co. 1,6.5,2.0,10,20
Amber Haze Chile,Con Filtro,Rubio,Normal,t,1.38,6.61,Chile Tabacco Co. 1,6.5,2.0,10,20
Pure Essence Chile,Con Filtro,Rubio,SuperLight,f,0.83,8.42,Chile Tabacco Co. 1,6.5,2.0,10,20
Gold Leaf Chile,Con Filtro,Rubio,Light,f,0.74,5.91,Chile Tabacco Co. 2,6.5,2.0,10,20
Royal Blend Chile,Con Filtro,Negro,Normal,t,0.62,7.47,Chile Tabacco Co. 2,6.5,2.0,10,20
Mountain Mist Chile,Con Filtro,Rubio,Normal,t,1.26,11.88,Chile Tabacco Co. 2,6.5,2.0,10,20
Ocean Breeze Chile,Con Filtro,Rubio,Normal,t,1.22,11.55,Chile Tabacco Co. 2,6.5,2.0,10,20
Urban Classic Chile,Con Filtro,Negro,Normal,t,0.26,10.65,Chile Tabacco Co. 2,6.5,2.0,10,20
Midnight Silk Chile,Con Filtro,Negro,Normal,f,0.32,3.46,Chile Tabacco Co. 2,6.5,2.0,10,20
Highland Peak Chile,Con Filtro,Rubio,SuperLight,f,1.33,1.91,Chile Tabacco Co. 2,6.5,2.0,10,20
Silver Lining Chile,Sin Filtro,Rubio,Normal,t,0.4,1.95,Chile Tabacco Co. 2,6.5,2.0,10,20
Amber Haze Chile,Con Filtro,Negro,Light,f,0.85,3.52,Chile Tabacco Co. 2,6.5,2.0,10,20
Pure Essence Chile,Con Filtro,Negro,SuperLight,f,0.55,2.47,Chile Tabacco Co. 2,6.5,2.0,10,20
Gold Leaf Chile,Sin Filtro,Rubio,Normal,f,0.41,5.61,Chile Tabacco Co. 3,6.5,2.0,10,20
Royal Blend Chile,Con Filtro,Rubio,Normal,t,0.74,9.19,Chile Tabacco Co. 3,6.5,2.0,10,20
Mountain Mist Chile,Sin Filtro,Rubio,Normal,t,0.81,3.92,Chile Tabacco Co. 3,6.5,2.0,10,20
Ocean Breeze Chile,Con Filtro,Negro,Normal,t,0.81,6.34,Chile Tabacco Co. 3,6.5,2.0,10,20
Urban Classic Chile,Con Filtro,Negro,SuperLight,f,0.95,2.62,Chile Tabacco Co. 3,6.5,2.0,10,20
Midnight Silk Chile,Con Filtro,Negro,Normal,t,1.36,8.61,Chile Tabacco Co. 3,6.5,2.0,10,20
Highland Peak Chile,Sin Filtro,Negro,Normal,t,1.35,10.82,Chile Tabacco Co. 3,6.5,2.0,10,20
Silver Lining Chile,Con Filtro,Rubio,Normal,t,0.27,13.9,Chile Tabacco Co. 3,6.5,2.0,10,20
Amber Haze Chile,Sin Filtro,Rubio,Normal,t,0.54,8.3,Chile Tabacco Co. 3,6.5,2.0,10,20
Pure Essence Chile,Con Filtro,Rubio,Normal,t,1.16,10.72,Chile Tabacco Co. 3,6.5,2.0,10,20
Gold Leaf Chile,Sin Filtro,Negro,Normal,f,0.83,2.34,Chile Tabacco Co. 4,6.5,2.0,10,20
Royal Blend Chile,Sin Filtro,Negro,Normal,t,0.5,8.18,Chile Tabacco Co. 4,6.5,2.0,10,20
Mountain Mist Chile,Sin Filtro,Rubio,Normal,f,1.42,1.01,Chile Tabacco Co. 4,6.5,2.0,10,20
Ocean Breeze Chile,Con Filtro,Negro,Normal,t,1.24,12.08,Chile Tabacco Co. 4,6.5,2.0,10,20
Urban Classic Chile,Sin Filtro,Negro,Normal,t,1.12,7.34,Chile Tabacco Co. 4,6.5,2.0,10,20
Midnight Silk Chile,Sin Filtro,Rubio,Normal,f,0.38,1.71,Chile Tabacco Co. 4,6.5,2.0,10,20
Highland Peak Chile,Con Filtro,Negro,Normal,t,1.33,1.83,Chile Tabacco Co. 4,6.5,2.0,10,20
Silver Lining Chile,Sin Filtro,Rubio,Normal,t,0.74,7.17,Chile Tabacco Co. 4,6.5,2.0,10,20
Amber Haze Chile,Con Filtro,Rubio,Normal,t,0.34,4.21,Chile Tabacco Co. 4,6.5,2.0,10,20
Pure Essence Chile,Sin Filtro,Negro,Normal,f,1.33,8.95,Chile Tabacco Co. 4,6.5,2.0,10,20
Gold Leaf Chile,Con Filtro,Rubio,Normal,t,0.42,7.37,Chile Tabacco Co. 5,6.5,2.0,10,20
Royal Blend Chile,Sin Filtro,Rubio,Normal,t,0.68,13.66,Chile Tabacco Co. 5,6.5,2.0,10,20
Mountain Mist Chile,Sin Filtro,Rubio,Normal,f,0.25,7.77,Chile Tabacco Co. 5,6.5,2.0,10,20
Ocean Breeze Chile,Con Filtro,Negro,Normal,f,1.4,9.42,Chile Tabacco Co. 5,6.5,2.0,10,20
Urban Classic Chile,Sin Filtro,Rubio,Normal,f,0.7,8.14,Chile Tabacco Co. 5,6.5,2.0,10,20
Midnight Silk Chile,Con Filtro,Rubio,Normal,t,0.44,9.16,Chile Tabacco Co. 5,6.5,2.0,10,20
Highland Peak Chile,Con Filtro,Negro,Normal,t,1.0,9.51,Chile Tabacco Co. 5,6.5,2.0,10,20
Silver Lining Chile,Con Filtro,Rubio,Light,f,1.5,11.72,Chile Tabacco Co. 5,6.5,2.0,10,20
Amber Haze Chile,Con Filtro,Rubio,Light,f,0.88,13.24,Chile Tabacco Co. 5,6.5,2.0,10,20
Pure Essence Chile,Sin Filtro,Rubio,Normal,f,0.96,9.57,Chile Tabacco Co. 5,6.5,2.0,10,20
Gold Leaf Chile,Sin Filtro,Negro,Normal,t,0.7,1.26,Chile Tabacco Co. 6,6.5,2.0,10,20
Royal Blend Chile,Con Filtro,Rubio,Normal,t,0.76,9.03,Chile Tabacco Co. 6,6.5,2.0,10,20
Mountain Mist Chile,Sin Filtro,Rubio,Normal,t,0.45,10.81,Chile Tabacco Co. 6,6.5,2.0,10,20
Ocean Breeze Chile,Con Filtro,Rubio,UltraLight,f,0.95,2.2,Chile Tabacco Co. 6,6.5,2.0,10,20
Urban Classic Chile,Sin Filtro,Rubio,Normal,f,0.56,5.15,Chile Tabacco Co. 6,6.5,2.0,10,20
Midnight Silk Chile,Con Filtro,Rubio,Normal,t,0.98,6.16,Chile Tabacco Co. 6,6.5,2.0,10,20
Highland Peak Chile,Con Filtro,Rubio,Normal,f,0.65,3.57,Chile Tabacco Co. 6,6.5,2.0,10,20
Silver Lining Chile,Con Filtro,Rubio,Normal,f,0.66,4.61,Chile Tabacco Co. 6,6.5,2.0,10,20
Amber Haze Chile,Sin Filtro,Rubio,Normal,t,0.54,7.23,Chile Tabacco Co. 6,6.5,2.0,10,20
Pure Essence Chile,Con Filtro,Negro,Normal,t,0.86,3.98,Chile Tabacco Co. 6,6.5,2.0,10,20
Gold Leaf Chile,Sin Filtro,Negro,Normal,t,0.31,2.92,Chile Tabacco Co. 7,6.5,2.0,10,20
Royal Blend Chile,Sin Filtro,Negro,Normal,f,0.9,12.99,Chile Tabacco Co. 7,6.5,2.0,10,20
Mountain Mist Chile,Con Filtro,Negro,Normal,t,1.33,1.62,Chile Tabacco Co. 7,6.5,2.0,10,20
Ocean Breeze Chile,Sin Filtro,Rubio,Normal,f,0.41,13.34,Chile Tabacco Co. 7,6.5,2.0,10,20
Urban Classic Chile,Sin Filtro,Rubio,Normal,t,0.87,10.22,Chile Tabacco Co. 7,6.5,2.0,10,20
Midnight Silk Chile,Con Filtro,Negro,UltraLight,f,0.68,8.79,Chile Tabacco Co. 7,6.5,2.0,10,20
Highland Peak Chile,Con Filtro,Negro,Normal,t,0.32,12.94,Chile Tabacco Co. 7,6.5,2.0,10,20
Silver Lining Chile,Con Filtro,Negro,Normal,t,0.46,8.43,Chile Tabacco Co. 7,6.5,2.0,10,20
Amber Haze Chile,Sin Filtro,Rubio,Normal,f,0.21,10.57,Chile Tabacco Co. 7,6.5,2.0,10,20
Pure Essence Chile,Con Filtro,Rubio,Light,f,0.84,9.26,Chile Tabacco Co. 7,6.5,2.0,10,20
Gold Leaf Chile,Sin Filtro,Negro,Normal,f,0.64,10.04,Chile Tabacco Co. 8,6.5,2.0,10,20
Royal Blend Chile,Sin Filtro,Negro,Normal,f,1.22,12.04,Chile Tabacco Co. 8,6.5,2.0,10,20
Mountain Mist Chile,Sin Filtro,Rubio,Normal,f,0.75,7.66,Chile Tabacco Co. 8,6.5,2.0,10,20
Ocean Breeze Chile,Sin Filtro,Negro,Normal,f,1.02,2.14,Chile Tabacco Co. 8,6.5,2.0,10,20
Urban Classic Chile,Sin Filtro,Negro,Normal,t,0.14,4.22,Chile Tabacco Co. 8,6.5,2.0,10,20
Midnight Silk Chile,Con Filtro,Rubio,Normal,t,1.12,5.67,Chile Tabacco Co. 8,6.5,2.0,10,20
Highland Peak Chile,Con Filtro,Negro,Light,f,0.34,7.19,Chile Tabacco Co. 8,6.5,2.0,10,20
Silver Lining Chile,Con Filtro,Negro,SuperLight,f,0.99,6.24,Chile Tabacco Co. 8,6.5,2.0,10,20
Amber Haze Chile,Sin Filtro,Rubio,Normal,f,0.13,11.1,Chile Tabacco Co. 8,6.5,2.0,10,20
Pure Essence Chile,Sin Filtro,Negro,Normal,f,1.4,9.71,Chile Tabacco Co. 8,6.5,2.0,10,20
Gold Leaf Chile,Con Filtro,Rubio,UltraLight,f,1.45,3.39,Chile Tabacco Co. 9,6.5,2.0,10,20
Royal Blend Chile,Con Filtro,Rubio,UltraLight,f,1.46,12.4,Chile Tabacco Co. 9,6.5,2.0,10,20
Mountain Mist Chile,Sin Filtro,Rubio,Normal,f,0.43,1.5,Chile Tabacco Co. 9,6.5,2.0,10,20
Ocean Breeze Chile,Con Filtro,Rubio,UltraLight,f,0.54,13.57,Chile Tabacco Co. 9,6.5,2.0,10,20
Urban Classic Chile,Con Filtro,Negro,UltraLight,f,1.07,9.33,Chile Tabacco Co. 9,6.5,2.0,10,20
Midnight Silk Chile,Con Filtro,Negro,Normal,t,0.39,2.47,Chile Tabacco Co. 9,6.5,2.0,10,20
Highland Peak Chile,Sin Filtro,Rubio,Normal,f,0.92,7.69,Chile Tabacco Co. 9,6.5,2.0,10,20
Silver Lining Chile,Con Filtro,Rubio,Normal,t,1.13,8.9,Chile Tabacco Co. 9,6.5,2.0,10,20
Amber Haze Chile,Con Filtro,Rubio,SuperLight,f,1.15,7.56,Chile Tabacco Co. 9,6.5,2.0,10,20
Pure Essence Chile,Con Filtro,Negro,Normal,t,0.68,13.45,Chile Tabacco Co. 9,6.5,2.0,10,20
Gold Leaf Chile,Sin Filtro,Negro,Normal,f,1.05,7.55,Chile Tabacco Co. 10,6.5,2.0,10,20
Royal Blend Chile,Sin Filtro,Negro,Normal,t,1.36,1.16,Chile Tabacco Co. 10,6.5,2.0,10,20
Mountain Mist Chile,Sin Filtro,Negro,Normal,f,1.23,1.87,Chile Tabacco Co. 10,6.5,2.0,10,20
Ocean Breeze Chile,Sin Filtro,Negro,Normal,f,0.42,8.11,Chile Tabacco Co. 10,6.5,2.0,10,20
Urban Classic Chile,Sin Filtro,Negro,Normal,f,0.32,12.56,Chile Tabacco Co. 10,6.5,2.0,10,20
Midnight Silk Chile,Con Filtro,Rubio,Normal,t,0.38,9.44,Chile Tabacco Co. 10,6.5,2.0,10,20
Highland Peak Chile,Con Filtro,Negro,Normal,f,0.47,13.34,Chile Tabacco Co. 10,6.5,2.0,10,20
Silver Lining Chile,Sin Filtro,Negro,Normal,f,1.12,8.56,Chile Tabacco Co. 10,6.5,2.0,10,20
Amber Haze Chile,Sin Filtro,Negro,Normal,f,1.12,2.76,Chile Tabacco Co. 10,6.5,2.0,10,20
Pure Essence Chile,Sin Filtro,Negro,Normal,f,0.84,13.61,Chile Tabacco Co. 10,6.5,2.0,10,20
Gold Leaf Argentina,Sin Filtro,Rubio,Normal,t,1.39,7.79,Argentina Tabacco Co. 1,6.5,2.0,10,20
Royal Blend Argentina,Sin Filtro,Negro,Normal,f,1.23,9.62,Argentina Tabacco Co. 1,6.5,2.0,10,20
Mountain Mist Argentina,Sin Filtro,Negro,Normal,t,0.49,1.17,Argentina Tabacco Co. 1,6.5,2.0,10,20
Ocean Breeze Argentina,Con Filtro,Rubio,Light,f,1.06,2.37,Argentina Tabacco Co. 1,6.5,2.0,10,20
Urban Classic Argentina,Con Filtro,Negro,Normal,f,0.48,11.82,Argentina Tabacco Co. 1,6.5,2.0,10,20
Midnight Silk Argentina,Sin Filtro,Rubio,Normal,t,0.78,7.96,Argentina Tabacco Co. 1,6.5,2.0,10,20
Highland Peak Argentina,Sin Filtro,Rubio,Normal,f,1.38,5.75,Argentina Tabacco Co. 1,6.5,2.0,10,20
Silver Lining Argentina,Con Filtro,Rubio,Normal,t,0.54,9.21,Argentina Tabacco Co. 1,6.5,2.0,10,20
Amber Haze Argentina,Con Filtro,Negro,Normal,t,0.34,6.3,Argentina Tabacco Co. 1,6.5,2.0,10,20
Pure Essence Argentina,Con Filtro,Rubio,UltraLight,f,1.06,3.11,Argentina Tabacco Co. 1,6.5,2.0,10,20
Gold Leaf Argentina,Con Filtro,Rubio,Normal,t,0.6,12.73,Argentina Tabacco Co. 2,6.5,2.0,10,20
Royal Blend Argentina,Sin Filtro,Negro,Normal,t,0.45,10.08,Argentina Tabacco Co. 2,6.5,2.0,10,20
Mountain Mist Argentina,Sin Filtro,Negro,Normal,t,1.45,4.31,Argentina Tabacco Co. 2,6.5,2.0,10,20
Ocean Breeze Argentina,Con Filtro,Negro,SuperLight,f,1.31,12.1,Argentina Tabacco Co. 2,6.5,2.0,10,20
Urban Classic Argentina,Con Filtro,Rubio,Normal,t,0.17,8.96,Argentina Tabacco Co. 2,6.5,2.0,10,20
Midnight Silk Argentina,Con Filtro,Rubio,Normal,f,1.04,7.34,Argentina Tabacco Co. 2,6.5,2.0,10,20
Highland Peak Argentina,Con Filtro,Negro,Normal,t,0.81,2.91,Argentina Tabacco Co. 2,6.5,2.0,10,20
Silver Lining Argentina,Con Filtro,Rubio,Normal,t,1.37,1.86,Argentina Tabacco Co. 2,6.5,2.0,10,20
Amber Haze Argentina,Sin Filtro,Negro,Normal,t,1.05,9.01,Argentina Tabacco Co. 2,6.5,2.0,10,20
Pure Essence Argentina,Sin Filtro,Rubio,Normal,t,0.87,9.16,Argentina Tabacco Co. 2,6.5,2.0,10,20
Gold Leaf Argentina,Sin Filtro,Rubio,Normal,f,0.64,12.79,Argentina Tabacco Co. 3,6.5,2.0,10,20
Royal Blend Argentina,Con Filtro,Negro,Normal,t,0.2,10.9,Argentina Tabacco Co. 3,6.5,2.0,10,20
Mountain Mist Argentina,Con Filtro,Negro,UltraLight,f,1.42,3.88,Argentina Tabacco Co. 3,6.5,2.0,10,20
Ocean Breeze Argentina,Sin Filtro,Negro,Normal,f,1.42,11.51,Argentina Tabacco Co. 3,6.5,2.0,10,20
Urban Classic Argentina,Sin Filtro,Negro,Normal,f,0.83,6.2,Argentina Tabacco Co. 3,6.5,2.0,10,20
Midnight Silk Argentina,Sin Filtro,Negro,Normal,f,1.34,4.02,Argentina Tabacco Co. 3,6.5,2.0,10,20
Highland Peak Argentina,Sin Filtro,Negro,Normal,f,0.58,12.85,Argentina Tabacco Co. 3,6.5,2.0,10,20
Silver Lining Argentina,Con Filtro,Rubio,Normal,f,0.75,11.33,Argentina Tabacco Co. 3,6.5,2.0,10,20
Amber Haze Argentina,Con Filtro,Rubio,Normal,t,1.15,8.01,Argentina Tabacco Co. 3,6.5,2.0,10,20
Pure Essence Argentina,Con Filtro,Rubio,SuperLight,f,1.35,13.95,Argentina Tabacco Co. 3,6.5,2.0,10,20
Gold Leaf Argentina,Con Filtro,Rubio,Normal,t,0.25,11.34,Argentina Tabacco Co. 4,6.5,2.0,10,20
Royal Blend Argentina,Con Filtro,Rubio,UltraLight,f,1.12,9.13,Argentina Tabacco Co. 4,6.5,2.0,10,20
Mountain Mist Argentina,Con Filtro,Rubio,SuperLight,f,1.4,11.96,Argentina Tabacco Co. 4,6.5,2.0,10,20
Ocean Breeze Argentina,Con Filtro,Negro,Normal,t,1.29,2.92,Argentina Tabacco Co. 4,6.5,2.0,10,20
Urban Classic Argentina,Con Filtro,Negro,UltraLight,f,1.01,4.02,Argentina Tabacco Co. 4,6.5,2.0,10,20
Midnight Silk Argentina,Sin Filtro,Rubio,Normal,t,1.21,11.69,Argentina Tabacco Co. 4,6.5,2.0,10,20
Highland Peak Argentina,Con Filtro,Rubio,Normal,f,1.36,3.04,Argentina Tabacco Co. 4,6.5,2.0,10,20
Silver Lining Argentina,Con Filtro,Negro,Light,f,0.87,9.59,Argentina Tabacco Co. 4,6.5,2.0,10,20
Amber Haze Argentina,Sin Filtro,Negro,Normal,t,1.48,9.19,Argentina Tabacco Co. 4,6.5,2.0,10,20
Pure Essence Argentina,Con Filtro,Rubio,Normal,t,0.77,9.31,Argentina Tabacco Co. 4,6.5,2.0,10,20
Gold Leaf Argentina,Sin Filtro,Rubio,Normal,f,0.96,1.3,Argentina Tabacco Co. 5,6.5,2.0,10,20
Royal Blend Argentina,Con Filtro,Rubio,Light,f,1.29,4.21,Argentina Tabacco Co. 5,6.5,2.0,10,20
Mountain Mist Argentina,Con Filtro,Negro,Light,f,0.99,13.1,Argentina Tabacco Co. 5,6.5,2.0,10,20
Ocean Breeze Argentina,Con Filtro,Rubio,Normal,t,0.95,11.25,Argentina Tabacco Co. 5,6.5,2.0,10,20
Urban Classic Argentina,Con Filtro,Rubio,SuperLight,f,0.78,4.59,Argentina Tabacco Co. 5,6.5,2.0,10,20
Midnight Silk Argentina,Sin Filtro,Negro,Normal,f,1.19,4.66,Argentina Tabacco Co. 5,6.5,2.0,10,20
Highland Peak Argentina,Sin Filtro,Negro,Normal,f,1.23,2.43,Argentina Tabacco Co. 5,6.5,2.0,10,20
Silver Lining Argentina,Sin Filtro,Negro,Normal,t,0.62,11.05,Argentina Tabacco Co. 5,6.5,2.0,10,20
Amber Haze Argentina,Sin Filtro,Rubio,Normal,f,1.31,8.14,Argentina Tabacco Co. 5,6.5,2.0,10,20
Pure Essence Argentina,Sin Filtro,Negro,Normal,f,0.77,9.73,Argentina Tabacco Co. 5,6.5,2.0,10,20
Gold Leaf Argentina,Sin Filtro,Negro,Normal,f,0.1,9.89,Argentina Tabacco Co. 6,6.5,2.0,10,20
Royal Blend Argentina,Con Filtro,Negro,Light,f,1.19,5.36,Argentina Tabacco Co. 6,6.5,2.0,10,20
Mountain Mist Argentina,Sin Filtro,Rubio,Normal,t,1.27,10.05,Argentina Tabacco Co. 6,6.5,2.0,10,20
Ocean Breeze Argentina,Con Filtro,Negro,Normal,t,0.67,7.34,Argentina Tabacco Co. 6,6.5,2.0,10,20
Urban Classic Argentina,Sin Filtro,Rubio,Normal,t,0.18,2.42,Argentina Tabacco Co. 6,6.5,2.0,10,20
Midnight Silk Argentina,Sin Filtro,Rubio,Normal,t,0.86,5.01,Argentina Tabacco Co. 6,6.5,2.0,10,20
Highland Peak Argentina,Con Filtro,Negro,Normal,f,0.54,11.86,Argentina Tabacco Co. 6,6.5,2.0,10,20
Silver Lining Argentina,Con Filtro,Rubio,Normal,t,1.01,12.65,Argentina Tabacco Co. 6,6.5,2.0,10,20
Amber Haze Argentina,Sin Filtro,Rubio,Normal,t,1.45,1.54,Argentina Tabacco Co. 6,6.5,2.0,10,20
Pure Essence Argentina,Con Filtro,Rubio,Normal,t,0.69,6.81,Argentina Tabacco Co. 6,6.5,2.0,10,20
Gold Leaf Argentina,Con Filtro,Rubio,Normal,t,1.42,9.86,Argentina Tabacco Co. 7,6.5,2.0,10,20
Royal Blend Argentina,Sin Filtro,Negro,Normal,f,0.87,1.3,Argentina Tabacco Co. 7,6.5,2.0,10,20
Mountain Mist Argentina,Sin Filtro,Negro,Normal,t,0.88,6.48,Argentina Tabacco Co. 7,6.5,2.0,10,20
Ocean Breeze Argentina,Con Filtro,Rubio,Normal,t,1.42,5.31,Argentina Tabacco Co. 7,6.5,2.0,10,20
Urban Classic Argentina,Sin Filtro,Negro,Normal,t,1.34,1.36,Argentina Tabacco Co. 7,6.5,2.0,10,20
Midnight Silk Argentina,Sin Filtro,Negro,Normal,t,0.83,11.17,Argentina Tabacco Co. 7,6.5,2.0,10,20
Highland Peak Argentina,Con Filtro,Rubio,SuperLight,f,0.99,3.6,Argentina Tabacco Co. 7,6.5,2.0,10,20
Silver Lining Argentina,Con Filtro,Negro,Normal,t,1.46,2.66,Argentina Tabacco Co. 7,6.5,2.0,10,20
Amber Haze Argentina,Sin Filtro,Rubio,Normal,t,1.06,8.64,Argentina Tabacco Co. 7,6.5,2.0,10,20
Pure Essence Argentina,Sin Filtro,Negro,Normal,t,0.21,5.38,Argentina Tabacco Co. 7,6.5,2.0,10,20
Gold Leaf Argentina,Con Filtro,Rubio,Light,f,0.49,12.39,Argentina Tabacco Co. 8,6.5,2.0,10,20
Royal Blend Argentina,Con Filtro,Negro,Normal,t,0.38,9.57,Argentina Tabacco Co. 8,6.5,2.0,10,20
Mountain Mist Argentina,Con Filtro,Rubio,Normal,t,0.92,11.71,Argentina Tabacco Co. 8,6.5,2.0,10,20
Ocean Breeze Argentina,Con Filtro,Negro,SuperLight,f,1.29,11.73,Argentina Tabacco Co. 8,6.5,2.0,10,20
Urban Classic Argentina,Sin Filtro,Rubio,Normal,f,1.34,10.24,Argentina Tabacco Co. 8,6.5,2.0,10,20
Midnight Silk Argentina,Sin Filtro,Rubio,Normal,f,1.19,4.25,Argentina Tabacco Co. 8,6.5,2.0,10,20
Highland Peak Argentina,Sin Filtro,Rubio,Normal,f,0.85,11.36,Argentina Tabacco Co. 8,6.5,2.0,10,20
Silver Lining Argentina,Con Filtro,Rubio,Normal,t,0.15,12.42,Argentina Tabacco Co. 8,6.5,2.0,10,20
Amber Haze Argentina,Con Filtro,Negro,SuperLight,f,0.73,11.11,Argentina Tabacco Co. 8,6.5,2.0,10,20
Pure Essence Argentina,Sin Filtro,Rubio,Normal,t,1.46,9.15,Argentina Tabacco Co. 8,6.5,2.0,10,20
Gold Leaf Argentina,Con Filtro,Negro,Normal,t,0.81,7.0,Argentina Tabacco Co. 9,6.5,2.0,10,20
Royal Blend Argentina,Con Filtro,Rubio,UltraLight,f,0.25,2.64,Argentina Tabacco Co. 9,6.5,2.0,10,20
Mountain Mist Argentina,Sin Filtro,Negro,Normal,t,0.71,9.98,Argentina Tabacco Co. 9,6.5,2.0,10,20
Ocean Breeze Argentina,Sin Filtro,Rubio,Normal,f,0.85,1.99,Argentina Tabacco Co. 9,6.5,2.0,10,20
Urban Classic Argentina,Sin Filtro,Negro,Normal,f,0.81,12.96,Argentina Tabacco Co. 9,6.5,2.0,10,20
Midnight Silk Argentina,Sin Filtro,Negro,Normal,t,0.13,6.18,Argentina Tabacco Co. 9,6.5,2.0,10,20
Highland Peak Argentina,Sin Filtro,Rubio,Normal,f,0.61,5.3,Argentina Tabacco Co. 9,6.5,2.0,10,20
Silver Lining Argentina,Sin Filtro,Rubio,Normal,f,0.93,9.43,Argentina Tabacco Co. 9,6.5,2.0,10,20
Amber Haze Argentina,Con Filtro,Rubio,Light,f,0.89,14.0,Argentina Tabacco Co. 9,6.5,2.0,10,20
Pure Essence Argentina,Con Filtro,Rubio,Normal,t,1.1,3.69,Argentina Tabacco Co. 9,6.5,2.0,10,20
Gold Leaf Argentina,Sin Filtro,Negro,Normal,t,1.33,1.43,Argentina Tabacco Co. 10,6.5,2.0,10,20
Royal Blend Argentina,Con Filtro,Negro,SuperLight,f,0.12,12.8,Argentina Tabacco Co. 10,6.5,2.0,10,20
Mountain Mist Argentina,Sin Filtro,Negro,Normal,f,1.25,11.42,Argentina Tabacco Co. 10,6.5,2.0,10,20
Ocean Breeze Argentina,Con Filtro,Negro,Normal,t,0.68,3.96,Argentina Tabacco Co. 10,6.5,2.0,10,20
Urban Classic Argentina,Con Filtro,Rubio,Normal,t,0.45,10.91,Argentina Tabacco Co. 10,6.5,2.0,10,20
Midnight Silk Argentina,Sin Filtro,Rubio,Normal,f,1.22,7.16,Argentina Tabacco Co. 10,6.5,2.0,10,20
Highland Peak Argentina,Sin Filtro,Rubio,Normal,f,0.14,3.0,Argentina Tabacco Co. 10,6.5,2.0,10,20
Silver Lining Argentina,Con Filtro,Negro,Normal,t,0.8,2.27,Argentina Tabacco Co. 10,6.5,2.0,10,20
Amber Haze Argentina,Con Filtro,Negro,Normal,t,0.67,12.19,Argentina Tabacco Co. 10,6.5,2.0,10,20
Pure Essence Argentina,Con Filtro,Negro,Normal,t,0.88,3.05,Argentina Tabacco Co. 10,6.5,2.0,10,20
Gold Leaf Reino,Con Filtro,Rubio,Normal,f,0.31,2.16,Reino Unido Tabacco Co. 1,6.5,2.0,10,20
Royal Blend Reino,Sin Filtro,Rubio,Normal,f,0.33,1.04,Reino Unido Tabacco Co. 1,6.5,2.0,10,20
Mountain Mist Reino,Con Filtro,Rubio,SuperLight,f,1.14,12.7,Reino Unido Tabacco Co. 1,6.5,2.0,10,20
Ocean Breeze Reino,Sin Filtro,Negro,Normal,f,1.11,3.41,Reino Unido Tabacco Co. 1,6.5,2.0,10,20
Urban Classic Reino,Con Filtro,Negro,Normal,t,0.72,8.45,Reino Unido Tabacco Co. 1,6.5,2.0,10,20
Midnight Silk Reino,Sin Filtro,Negro,Normal,t,1.26,9.3,Reino Unido Tabacco Co. 1,6.5,2.0,10,20
Highland Peak Reino,Con Filtro,Rubio,Normal,t,1.05,2.52,Reino Unido Tabacco Co. 1,6.5,2.0,10,20
Silver Lining Reino,Con Filtro,Negro,UltraLight,f,1.37,11.04,Reino Unido Tabacco Co. 1,6.5,2.0,10,20
Amber Haze Reino,Sin Filtro,Negro,Normal,t,0.57,11.19,Reino Unido Tabacco Co. 1,6.5,2.0,10,20
Pure Essence Reino,Con Filtro,Negro,Normal,f,1.27,1.66,Reino Unido Tabacco Co. 1,6.5,2.0,10,20
Gold Leaf Reino,Con Filtro,Negro,SuperLight,f,0.2,12.54,Reino Unido Tabacco Co. 2,6.5,2.0,10,20
Royal Blend Reino,Con Filtro,Rubio,Normal,t,1.25,5.02,Reino Unido Tabacco Co. 2,6.5,2.0,10,20
Mountain Mist Reino,Sin Filtro,Rubio,Normal,f,0.24,10.51,Reino Unido Tabacco Co. 2,6.5,2.0,10,20
Ocean Breeze Reino,Sin Filtro,Negro,Normal,f,0.13,13.95,Reino Unido Tabacco Co. 2,6.5,2.0,10,20
Urban Classic Reino,Con Filtro,Negro,Normal,t,0.73,10.99,Reino Unido Tabacco Co. 2,6.5,2.0,10,20
Midnight Silk Reino,Sin Filtro,Rubio,Normal,t,1.34,8.64,Reino Unido Tabacco Co. 2,6.5,2.0,10,20
Highland Peak Reino,Sin Filtro,Negro,Normal,t,0.41,9.09,Reino Unido Tabacco Co. 2,6.5,2.0,10,20
Silver Lining Reino,Con Filtro,Negro,SuperLight,f,1.32,13.64,Reino Unido Tabacco Co. 2,6.5,2.0,10,20
Amber Haze Reino,Sin Filtro,Rubio,Normal,t,0.24,3.43,Reino Unido Tabacco Co. 2,6.5,2.0,10,20
Pure Essence Reino,Sin Filtro,Rubio,Normal,t,0.5,10.14,Reino Unido Tabacco Co. 2,6.5,2.0,10,20
Gold Leaf Reino,Sin Filtro,Negro,Normal,f,0.7,10.56,Reino Unido Tabacco Co. 3,6.5,2.0,10,20
Royal Blend Reino,Con Filtro,Negro,Normal,t,0.89,7.84,Reino Unido Tabacco Co. 3,6.5,2.0,10,20
Mountain Mist Reino,Con Filtro,Rubio,UltraLight,f,0.6,13.43,Reino Unido Tabacco Co. 3,6.5,2.0,10,20
Ocean Breeze Reino,Sin Filtro,Negro,Normal,t,0.66,12.09,Reino Unido Tabacco Co. 3,6.5,2.0,10,20
Urban Classic Reino,Con Filtro,Rubio,Normal,t,0.94,12.43,Reino Unido Tabacco Co. 3,6.5,2.0,10,20
Midnight Silk Reino,Con Filtro,Negro,Normal,t,1.48,6.09,Reino Unido Tabacco Co. 3,6.5,2.0,10,20
Highland Peak Reino,Con Filtro,Rubio,Normal,t,1.43,11.75,Reino Unido Tabacco Co. 3,6.5,2.0,10,20
Silver Lining Reino,Sin Filtro,Negro,Normal,f,0.68,2.94,Reino Unido Tabacco Co. 3,6.5,2.0,10,20
Amber Haze Reino,Sin Filtro,Rubio,Normal,t,1.14,13.51,Reino Unido Tabacco Co. 3,6.5,2.0,10,20
Pure Essence Reino,Sin Filtro,Negro,Normal,t,1.31,9.32,Reino Unido Tabacco Co. 3,6.5,2.0,10,20
Gold Leaf Reino,Sin Filtro,Negro,Normal,f,0.67,11.57,Reino Unido Tabacco Co. 4,6.5,2.0,10,20
Royal Blend Reino,Con Filtro,Negro,Normal,f,0.18,5.94,Reino Unido Tabacco Co. 4,6.5,2.0,10,20
Mountain Mist Reino,Con Filtro,Rubio,Light,f,1.19,11.59,Reino Unido Tabacco Co. 4,6.5,2.0,10,20
Ocean Breeze Reino,Sin Filtro,Negro,Normal,t,0.31,8.02,Reino Unido Tabacco Co. 4,6.5,2.0,10,20
Urban Classic Reino,Con Filtro,Negro,Normal,t,0.46,12.11,Reino Unido Tabacco Co. 4,6.5,2.0,10,20
Midnight Silk Reino,Sin Filtro,Negro,Normal,f,1.1,12.32,Reino Unido Tabacco Co. 4,6.5,2.0,10,20
Highland Peak Reino,Sin Filtro,Negro,Normal,f,1.35,4.56,Reino Unido Tabacco Co. 4,6.5,2.0,10,20
Silver Lining Reino,Con Filtro,Negro,Normal,t,0.98,7.18,Reino Unido Tabacco Co. 4,6.5,2.0,10,20
Amber Haze Reino,Con Filtro,Rubio,Normal,t,1.06,3.4,Reino Unido Tabacco Co. 4,6.5,2.0,10,20
Pure Essence Reino,Sin Filtro,Negro,Normal,f,0.83,3.0,Reino Unido Tabacco Co. 4,6.5,2.0,10,20
Gold Leaf Reino,Con Filtro,Negro,Light,f,1.06,9.4,Reino Unido Tabacco Co. 5,6.5,2.0,10,20
Royal Blend Reino,Con Filtro,Negro,Normal,f,0.27,1.71,Reino Unido Tabacco Co. 5,6.5,2.0,10,20
Mountain Mist Reino,Sin Filtro,Negro,Normal,t,1.35,7.87,Reino Unido Tabacco Co. 5,6.5,2.0,10,20
Ocean Breeze Reino,Con Filtro,Rubio,Normal,f,0.94,6.88,Reino Unido Tabacco Co. 5,6.5,2.0,10,20
Urban Classic Reino,Con Filtro,Rubio,Normal,t,0.74,12.27,Reino Unido Tabacco Co. 5,6.5,2.0,10,20
Midnight Silk Reino,Con Filtro,Rubio,SuperLight,f,1.46,10.15,Reino Unido Tabacco Co. 5,6.5,2.0,10,20
Highland Peak Reino,Sin Filtro,Rubio,Normal,t,0.68,5.76,Reino Unido Tabacco Co. 5,6.5,2.0,10,20
Silver Lining Reino,Sin Filtro,Negro,Normal,f,0.34,7.07,Reino Unido Tabacco Co. 5,6.5,2.0,10,20
Amber Haze Reino,Sin Filtro,Rubio,Normal,t,0.48,7.81,Reino Unido Tabacco Co. 5,6.5,2.0,10,20
Pure Essence Reino,Con Filtro,Rubio,Normal,f,0.59,11.63,Reino Unido Tabacco Co. 5,6.5,2.0,10,20
Gold Leaf Reino,Con Filtro,Negro,SuperLight,f,0.42,8.55,Reino Unido Tabacco Co. 6,6.5,2.0,10,20
Royal Blend Reino,Con Filtro,Rubio,Normal,t,1.49,8.36,Reino Unido Tabacco Co. 6,6.5,2.0,10,20
Mountain Mist Reino,Sin Filtro,Negro,Normal,f,0.64,4.65,Reino Unido Tabacco Co. 6,6.5,2.0,10,20
Ocean Breeze Reino,Sin Filtro,Negro,Normal,t,0.71,6.99,Reino Unido Tabacco Co. 6,6.5,2.0,10,20
Urban Classic Reino,Con Filtro,Negro,Normal,t,1.02,8.57,Reino Unido Tabacco Co. 6,6.5,2.0,10,20
Midnight Silk Reino,Con Filtro,Negro,Normal,t,1.23,3.28,Reino Unido Tabacco Co. 6,6.5,2.0,10,20
Highland Peak Reino,Sin Filtro,Rubio,Normal,t,0.12,7.37,Reino Unido Tabacco Co. 6,6.5,2.0,10,20
Silver Lining Reino,Sin Filtro,Rubio,Normal,t,0.81,9.88,Reino Unido Tabacco Co. 6,6.5,2.0,10,20
Amber Haze Reino,Sin Filtro,Rubio,Normal,t,0.22,6.84,Reino Unido Tabacco Co. 6,6.5,2.0,10,20
Pure Essence Reino,Con Filtro,Negro,Normal,t,1.02,9.11,Reino Unido Tabacco Co. 6,6.5,2.0,10,20
Gold Leaf Reino,Con Filtro,Rubio,Normal,f,1.32,13.16,Reino Unido Tabacco Co. 7,6.5,2.0,10,20
Royal Blend Reino,Con Filtro,Negro,Light,f,0.38,7.65,Reino Unido Tabacco Co. 7,6.5,2.0,10,20
Mountain Mist Reino,Sin Filtro,Negro,Normal,t,0.37,7.07,Reino Unido Tabacco Co. 7,6.5,2.0,10,20
Ocean Breeze Reino,Con Filtro,Negro,Normal,t,0.66,11.63,Reino Unido Tabacco Co. 7,6.5,2.0,10,20
Urban Classic Reino,Con Filtro,Rubio,Normal,f,1.25,2.78,Reino Unido Tabacco Co. 7,6.5,2.0,10,20
Midnight Silk Reino,Con Filtro,Negro,UltraLight,f,0.31,2.52,Reino Unido Tabacco Co. 7,6.5,2.0,10,20
Highland Peak Reino,Con Filtro,Rubio,Normal,t,0.19,12.54,Reino Unido Tabacco Co. 7,6.5,2.0,10,20
Silver Lining Reino,Con Filtro,Rubio,UltraLight,f,1.01,2.46,Reino Unido Tabacco Co. 7,6.5,2.0,10,20
Amber Haze Reino,Con Filtro,Negro,Normal,t,1.32,13.18,Reino Unido Tabacco Co. 7,6.5,2.0,10,20
Pure Essence Reino,Con Filtro,Rubio,Normal,f,0.87,10.45,Reino Unido Tabacco Co. 7,6.5,2.0,10,20
Gold Leaf Reino,Con Filtro,Rubio,Normal,t,1.26,2.4,Reino Unido Tabacco Co. 8,6.5,2.0,10,20
Royal Blend Reino,Sin Filtro,Rubio,Normal,t,1.41,5.78,Reino Unido Tabacco Co. 8,6.5,2.0,10,20
Mountain Mist Reino,Sin Filtro,Negro,Normal,f,0.95,8.67,Reino Unido Tabacco Co. 8,6.5,2.0,10,20
Ocean Breeze Reino,Sin Filtro,Negro,Normal,t,1.18,7.02,Reino Unido Tabacco Co. 8,6.5,2.0,10,20
Urban Classic Reino,Sin Filtro,Negro,Normal,t,0.8,5.95,Reino Unido Tabacco Co. 8,6.5,2.0,10,20
Midnight Silk Reino,Sin Filtro,Rubio,Normal,f,0.3,5.89,Reino Unido Tabacco Co. 8,6.5,2.0,10,20
Highland Peak Reino,Con Filtro,Negro,SuperLight,f,0.7,1.67,Reino Unido Tabacco Co. 8,6.5,2.0,10,20
Silver Lining Reino,Con Filtro,Negro,Normal,t,1.11,4.64,Reino Unido Tabacco Co. 8,6.5,2.0,10,20
Amber Haze Reino,Con Filtro,Rubio,Normal,t,1.04,3.61,Reino Unido Tabacco Co. 8,6.5,2.0,10,20
Pure Essence Reino,Sin Filtro,Rubio,Normal,f,1.25,1.54,Reino Unido Tabacco Co. 8,6.5,2.0,10,20
Gold Leaf Reino,Sin Filtro,Rubio,Normal,t,0.28,5.7,Reino Unido Tabacco Co. 9,6.5,2.0,10,20
Royal Blend Reino,Con Filtro,Rubio,Normal,t,0.78,4.08,Reino Unido Tabacco Co. 9,6.5,2.0,10,20
Mountain Mist Reino,Con Filtro,Negro,SuperLight,f,1.38,7.56,Reino Unido Tabacco Co. 9,6.5,2.0,10,20
Ocean Breeze Reino,Sin Filtro,Rubio,Normal,f,0.52,8.17,Reino Unido Tabacco Co. 9,6.5,2.0,10,20
Urban Classic Reino,Sin Filtro,Rubio,Normal,f,1.46,12.74,Reino Unido Tabacco Co. 9,6.5,2.0,10,20
Midnight Silk Reino,Sin Filtro,Rubio,Normal,t,0.36,4.05,Reino Unido Tabacco Co. 9,6.5,2.0,10,20
Highland Peak Reino,Con Filtro,Negro,SuperLight,f,1.03,10.95,Reino Unido Tabacco Co. 9,6.5,2.0,10,20
Silver Lining Reino,Sin Filtro,Rubio,Normal,f,0.13,8.43,Reino Unido Tabacco Co. 9,6.5,2.0,10,20
Amber Haze Reino,Sin Filtro,Rubio,Normal,f,0.98,13.99,Reino Unido Tabacco Co. 9,6.5,2.0,10,20
Pure Essence Reino,Sin Filtro,Rubio,Normal,t,0.82,9.02,Reino Unido Tabacco Co. 9,6.5,2.0,10,20
Gold Leaf Reino,Sin Filtro,Rubio,Normal,f,0.22,3.61,Reino Unido Tabacco Co. 10,6.5,2.0,10,20
Royal Blend Reino,Con Filtro,Negro,SuperLight,f,0.64,9.65,Reino Unido Tabacco Co. 10,6.5,2.0,10,20
Mountain Mist Reino,Sin Filtro,Negro,Normal,f,0.7,6.73,Reino Unido Tabacco Co. 10,6.5,2.0,10,20
Ocean Breeze Reino,Con Filtro,Rubio,UltraLight,f,1.39,11.23,Reino Unido Tabacco Co. 10,6.5,2.0,10,20
Urban Classic Reino,Sin Filtro,Negro,Normal,f,0.36,7.75,Reino Unido Tabacco Co. 10,6.5,2.0,10,20
Midnight Silk Reino,Con Filtro,Negro,SuperLight,f,1.36,5.48,Reino Unido Tabacco Co. 10,6.5,2.0,10,20
Highland Peak Reino,Con Filtro,Rubio,Normal,t,1.06,6.1,Reino Unido Tabacco Co. 10,6.5,2.0,10,20
Silver Lining Reino,Con Filtro,Negro,Normal,t,0.49,6.42,Reino Unido Tabacco Co. 10,6.5,2.0,10,20
Amber Haze Reino,Sin Filtro,Negro,Normal,t,0.37,12.19,Reino Unido Tabacco Co. 10,6.5,2.0,10,20
Pure Essence Reino,Sin Filtro,Negro,Normal,f,0.85,9.43,Reino Unido Tabacco Co. 10,6.5,2.0,10,20
Gold Leaf Alemania,Sin Filtro,Negro,Normal,t,0.44,13.43,Alemania Tabacco Co. 1,6.5,2.0,10,20
Royal Blend Alemania,Sin Filtro,Rubio,Normal,t,1.48,4.36,Alemania Tabacco Co. 1,6.5,2.0,10,20
Mountain Mist Alemania,Sin Filtro,Rubio,Normal,f,0.75,5.21,Alemania Tabacco Co. 1,6.5,2.0,10,20
Ocean Breeze Alemania,Con Filtro,Negro,SuperLight,f,1.39,2.83,Alemania Tabacco Co. 1,6.5,2.0,10,20
Urban Classic Alemania,Sin Filtro,Negro,Normal,f,0.78,4.32,Alemania Tabacco Co. 1,6.5,2.0,10,20
Midnight Silk Alemania,Sin Filtro,Rubio,Normal,f,0.17,13.79,Alemania Tabacco Co. 1,6.5,2.0,10,20
Highland Peak Alemania,Con Filtro,Rubio,Normal,f,1.22,10.42,Alemania Tabacco Co. 1,6.5,2.0,10,20
Silver Lining Alemania,Sin Filtro,Negro,Normal,f,0.11,9.29,Alemania Tabacco Co. 1,6.5,2.0,10,20
Amber Haze Alemania,Con Filtro,Negro,Normal,t,1.04,12.74,Alemania Tabacco Co. 1,6.5,2.0,10,20
Pure Essence Alemania,Sin Filtro,Rubio,Normal,t,0.16,1.05,Alemania Tabacco Co. 1,6.5,2.0,10,20
Gold Leaf Alemania,Con Filtro,Negro,Light,f,0.91,13.67,Alemania Tabacco Co. 2,6.5,2.0,10,20
Royal Blend Alemania,Sin Filtro,Rubio,Normal,t,1.42,13.17,Alemania Tabacco Co. 2,6.5,2.0,10,20
Mountain Mist Alemania,Sin Filtro,Rubio,Normal,t,1.28,4.63,Alemania Tabacco Co. 2,6.5,2.0,10,20
Ocean Breeze Alemania,Con Filtro,Rubio,Normal,t,1.11,8.6,Alemania Tabacco Co. 2,6.5,2.0,10,20
Urban Classic Alemania,Sin Filtro,Rubio,Normal,t,1.03,5.91,Alemania Tabacco Co. 2,6.5,2.0,10,20
Midnight Silk Alemania,Sin Filtro,Negro,Normal,f,0.39,7.0,Alemania Tabacco Co. 2,6.5,2.0,10,20
Highland Peak Alemania,Con Filtro,Rubio,SuperLight,f,0.33,13.59,Alemania Tabacco Co. 2,6.5,2.0,10,20
Silver Lining Alemania,Sin Filtro,Rubio,Normal,f,0.95,2.45,Alemania Tabacco Co. 2,6.5,2.0,10,20
Amber Haze Alemania,Sin Filtro,Negro,Normal,t,0.15,3.33,Alemania Tabacco Co. 2,6.5,2.0,10,20
Pure Essence Alemania,Con Filtro,Negro,Normal,f,0.8,11.44,Alemania Tabacco Co. 2,6.5,2.0,10,20
Gold Leaf Alemania,Sin Filtro,Rubio,Normal,f,0.96,3.52,Alemania Tabacco Co. 3,6.5,2.0,10,20
Royal Blend Alemania,Con Filtro,Rubio,Normal,t,1.01,1.78,Alemania Tabacco Co. 3,6.5,2.0,10,20
Mountain Mist Alemania,Sin Filtro,Rubio,Normal,f,1.49,7.84,Alemania Tabacco Co. 3,6.5,2.0,10,20
Ocean Breeze Alemania,Sin Filtro,Negro,Normal,t,0.31,4.17,Alemania Tabacco Co. 3,6.5,2.0,10,20
Urban Classic Alemania,Sin Filtro,Negro,Normal,f,0.54,4.05,Alemania Tabacco Co. 3,6.5,2.0,10,20
Midnight Silk Alemania,Con Filtro,Negro,Normal,t,0.51,6.63,Alemania Tabacco Co. 3,6.5,2.0,10,20
Highland Peak Alemania,Con Filtro,Negro,UltraLight,f,0.25,13.33,Alemania Tabacco Co. 3,6.5,2.0,10,20
Silver Lining Alemania,Con Filtro,Negro,Normal,t,0.65,11.81,Alemania Tabacco Co. 3,6.5,2.0,10,20
Amber Haze Alemania,Sin Filtro,Negro,Normal,t,1.41,8.16,Alemania Tabacco Co. 3,6.5,2.0,10,20
Pure Essence Alemania,Sin Filtro,Negro,Normal,f,1.09,5.3,Alemania Tabacco Co. 3,6.5,2.0,10,20
Gold Leaf Alemania,Sin Filtro,Negro,Normal,f,1.03,1.4,Alemania Tabacco Co. 4,6.5,2.0,10,20
Royal Blend Alemania,Con Filtro,Rubio,Normal,t,0.85,5.73,Alemania Tabacco Co. 4,6.5,2.0,10,20
Mountain Mist Alemania,Sin Filtro,Rubio,Normal,t,0.46,2.26,Alemania Tabacco Co. 4,6.5,2.0,10,20
Ocean Breeze Alemania,Con Filtro,Rubio,Light,f,0.23,3.33,Alemania Tabacco Co. 4,6.5,2.0,10,20
Urban Classic Alemania,Con Filtro,Negro,Light,f,0.1,9.56,Alemania Tabacco Co. 4,6.5,2.0,10,20
Midnight Silk Alemania,Con Filtro,Rubio,Normal,t,0.54,4.15,Alemania Tabacco Co. 4,6.5,2.0,10,20
Highland Peak Alemania,Sin Filtro,Rubio,Normal,f,0.94,6.6,Alemania Tabacco Co. 4,6.5,2.0,10,20
Silver Lining Alemania,Con Filtro,Negro,Normal,t,1.01,10.01,Alemania Tabacco Co. 4,6.5,2.0,10,20
Amber Haze Alemania,Sin Filtro,Rubio,Normal,f,0.81,8.44,Alemania Tabacco Co. 4,6.5,2.0,10,20
Pure Essence Alemania,Con Filtro,Rubio,UltraLight,f,0.39,8.37,Alemania Tabacco Co. 4,6.5,2.0,10,20
Gold Leaf Alemania,Con Filtro,Rubio,Normal,t,0.23,5.96,Alemania Tabacco Co. 5,6.5,2.0,10,20
Royal Blend Alemania,Con Filtro,Negro,Light,f,1.23,12.78,Alemania Tabacco Co. 5,6.5,2.0,10,20
Mountain Mist Alemania,Sin Filtro,Negro,Normal,t,0.33,9.05,Alemania Tabacco Co. 5,6.5,2.0,10,20
Ocean Breeze Alemania,Sin Filtro,Rubio,Normal,t,0.44,4.64,Alemania Tabacco Co. 5,6.5,2.0,10,20
Urban Classic Alemania,Con Filtro,Rubio,Normal,t,0.61,11.2,Alemania Tabacco Co. 5,6.5,2.0,10,20
Midnight Silk Alemania,Sin Filtro,Rubio,Normal,t,0.8,9.7,Alemania Tabacco Co. 5,6.5,2.0,10,20
Highland Peak Alemania,Sin Filtro,Negro,Normal,t,1.4,14.0,Alemania Tabacco Co. 5,6.5,2.0,10,20
Silver Lining Alemania,Sin Filtro,Negro,Normal,t,0.85,9.66,Alemania Tabacco Co. 5,6.5,2.0,10,20
Amber Haze Alemania,Con Filtro,Rubio,Normal,t,0.67,4.02,Alemania Tabacco Co. 5,6.5,2.0,10,20
Pure Essence Alemania,Sin Filtro,Rubio,Normal,t,0.73,6.14,Alemania Tabacco Co. 5,6.5,2.0,10,20
Gold Leaf Alemania,Con Filtro,Negro,UltraLight,f,0.75,2.26,Alemania Tabacco Co. 6,6.5,2.0,10,20
Royal Blend Alemania,Sin Filtro,Negro,Normal,t,0.58,12.45,Alemania Tabacco Co. 6,6.5,2.0,10,20
Mountain Mist Alemania,Sin Filtro,Negro,Normal,f,0.44,13.8,Alemania Tabacco Co. 6,6.5,2.0,10,20
Ocean Breeze Alemania,Sin Filtro,Negro,Normal,t,1.11,2.11,Alemania Tabacco Co. 6,6.5,2.0,10,20
Urban Classic Alemania,Sin Filtro,Negro,Normal,f,0.98,4.48,Alemania Tabacco Co. 6,6.5,2.0,10,20
Midnight Silk Alemania,Sin Filtro,Negro,Normal,t,0.11,5.5,Alemania Tabacco Co. 6,6.5,2.0,10,20
Highland Peak Alemania,Con Filtro,Negro,Normal,f,0.7,9.1,Alemania Tabacco Co. 6,6.5,2.0,10,20
Silver Lining Alemania,Sin Filtro,Negro,Normal,f,0.37,2.67,Alemania Tabacco Co. 6,6.5,2.0,10,20
Amber Haze Alemania,Sin Filtro,Negro,Normal,t,1.21,1.31,Alemania Tabacco Co. 6,6.5,2.0,10,20
Pure Essence Alemania,Sin Filtro,Rubio,Normal,t,0.54,4.92,Alemania Tabacco Co. 6,6.5,2.0,10,20
Gold Leaf Alemania,Sin Filtro,Rubio,Normal,f,0.68,3.48,Alemania Tabacco Co. 7,6.5,2.0,10,20
Royal Blend Alemania,Sin Filtro,Rubio,Normal,f,1.02,9.58,Alemania Tabacco Co. 7,6.5,2.0,10,20
Mountain Mist Alemania,Sin Filtro,Rubio,Normal,f,0.77,8.67,Alemania Tabacco Co. 7,6.5,2.0,10,20
Ocean Breeze Alemania,Con Filtro,Negro,Light,f,1.33,2.59,Alemania Tabacco Co. 7,6.5,2.0,10,20
Urban Classic Alemania,Sin Filtro,Negro,Normal,t,0.55,7.3,Alemania Tabacco Co. 7,6.5,2.0,10,20
Midnight Silk Alemania,Sin Filtro,Rubio,Normal,t,1.06,9.25,Alemania Tabacco Co. 7,6.5,2.0,10,20
Highland Peak Alemania,Sin Filtro,Negro,Normal,t,1.16,3.31,Alemania Tabacco Co. 7,6.5,2.0,10,20
Silver Lining Alemania,Sin Filtro,Negro,Normal,t,1.3,8.44,Alemania Tabacco Co. 7,6.5,2.0,10,20
Amber Haze Alemania,Sin Filtro,Rubio,Normal,f,0.17,8.23,Alemania Tabacco Co. 7,6.5,2.0,10,20
Pure Essence Alemania,Sin Filtro,Rubio,Normal,t,1.21,9.28,Alemania Tabacco Co. 7,6.5,2.0,10,20
Gold Leaf Alemania,Sin Filtro,Rubio,Normal,f,0.16,12.99,Alemania Tabacco Co. 8,6.5,2.0,10,20
Royal Blend Alemania,Con Filtro,Negro,Normal,t,1.31,7.95,Alemania Tabacco Co. 8,6.5,2.0,10,20
Mountain Mist Alemania,Sin Filtro,Negro,Normal,f,0.84,6.29,Alemania Tabacco Co. 8,6.5,2.0,10,20
Ocean Breeze Alemania,Sin Filtro,Negro,Normal,t,1.17,7.25,Alemania Tabacco Co. 8,6.5,2.0,10,20
Urban Classic Alemania,Sin Filtro,Rubio,Normal,f,1.05,10.9,Alemania Tabacco Co. 8,6.5,2.0,10,20
Midnight Silk Alemania,Sin Filtro,Negro,Normal,t,0.25,5.77,Alemania Tabacco Co. 8,6.5,2.0,10,20
Highland Peak Alemania,Con Filtro,Rubio,UltraLight,f,0.42,5.18,Alemania Tabacco Co. 8,6.5,2.0,10,20
Silver Lining Alemania,Sin Filtro,Negro,Normal,f,1.33,3.91,Alemania Tabacco Co. 8,6.5,2.0,10,20
Amber Haze Alemania,Con Filtro,Negro,Normal,f,0.38,1.24,Alemania Tabacco Co. 8,6.5,2.0,10,20
Pure Essence Alemania,Sin Filtro,Rubio,Normal,t,0.79,1.2,Alemania Tabacco Co. 8,6.5,2.0,10,20
Gold Leaf Alemania,Sin Filtro,Negro,Normal,t,1.07,2.1,Alemania Tabacco Co. 9,6.5,2.0,10,20
Royal Blend Alemania,Con Filtro,Negro,Normal,t,0.73,10.21,Alemania Tabacco Co. 9,6.5,2.0,10,20
Mountain Mist Alemania,Con Filtro,Negro,Normal,t,1.23,13.58,Alemania Tabacco Co. 9,6.5,2.0,10,20
Ocean Breeze Alemania,Con Filtro,Negro,UltraLight,f,0.97,8.57,Alemania Tabacco Co. 9,6.5,2.0,10,20
Urban Classic Alemania,Con Filtro,Negro,Normal,t,0.17,4.93,Alemania Tabacco Co. 9,6.5,2.0,10,20
Midnight Silk Alemania,Sin Filtro,Rubio,Normal,f,0.88,9.41,Alemania Tabacco Co. 9,6.5,2.0,10,20
Highland Peak Alemania,Sin Filtro,Rubio,Normal,t,1.3,2.79,Alemania Tabacco Co. 9,6.5,2.0,10,20
Silver Lining Alemania,Sin Filtro,Negro,Normal,t,1.4,4.36,Alemania Tabacco Co. 9,6.5,2.0,10,20
Amber Haze Alemania,Con Filtro,Negro,Normal,f,0.89,3.64,Alemania Tabacco Co. 9,6.5,2.0,10,20
Pure Essence Alemania,Sin Filtro,Rubio,Normal,f,0.35,1.0,Alemania Tabacco Co. 9,6.5,2.0,10,20
Gold Leaf Alemania,Sin Filtro,Rubio,Normal,f,0.7,6.44,Alemania Tabacco Co. 10,6.5,2.0,10,20
Royal Blend Alemania,Sin Filtro,Rubio,Normal,t,1.46,4.63,Alemania Tabacco Co. 10,6.5,2.0,10,20
Mountain Mist Alemania,Sin Filtro,Negro,Normal,f,0.49,8.48,Alemania Tabacco Co. 10,6.5,2.0,10,20
Ocean Breeze Alemania,Sin Filtro,Rubio,Normal,t,0.93,5.0,Alemania Tabacco Co. 10,6.5,2.0,10,20
Urban Classic Alemania,Sin Filtro,Rubio,Normal,t,0.51,5.15,Alemania Tabacco Co. 10,6.5,2.0,10,20
Midnight Silk Alemania,Sin Filtro,Rubio,Normal,t,1.48,13.18,Alemania Tabacco Co. 10,6.5,2.0,10,20
Highland Peak Alemania,Sin Filtro,Negro,Normal,f,0.43,3.35,Alemania Tabacco Co. 10,6.5,2.0,10,20
Silver Lining Alemania,Con Filtro,Negro,Normal,t,0.28,7.89,Alemania Tabacco Co. 10,6.5,2.0,10,20
Amber Haze Alemania,Sin Filtro,Rubio,Normal,t,0.48,5.62,Alemania Tabacco Co. 10,6.5,2.0,10,20
Pure Essence Alemania,Sin Filtro,Rubio,Normal,f,0.63,12.01,Alemania Tabacco Co. 10,6.5,2.0,10,20
Gold Leaf Japon,Con Filtro,Rubio,UltraLight,f,0.81,7.76,Japon Tabacco Co. 1,6.5,2.0,10,20
Royal Blend Japon,Sin Filtro,Rubio,Normal,t,1.14,5.2,Japon Tabacco Co. 1,6.5,2.0,10,20
Mountain Mist Japon,Con Filtro,Rubio,Normal,t,1.45,6.79,Japon Tabacco Co. 1,6.5,2.0,10,20
Ocean Breeze Japon,Sin Filtro,Negro,Normal,t,1.44,3.13,Japon Tabacco Co. 1,6.5,2.0,10,20
Urban Classic Japon,Con Filtro,Rubio,Normal,t,0.98,3.75,Japon Tabacco Co. 1,6.5,2.0,10,20
Midnight Silk Japon,Con Filtro,Rubio,Normal,t,0.22,11.0,Japon Tabacco Co. 1,6.5,2.0,10,20
Highland Peak Japon,Sin Filtro,Negro,Normal,f,0.96,5.56,Japon Tabacco Co. 1,6.5,2.0,10,20
Silver Lining Japon,Sin Filtro,Rubio,Normal,f,1.49,10.5,Japon Tabacco Co. 1,6.5,2.0,10,20
Amber Haze Japon,Con Filtro,Rubio,SuperLight,f,0.43,12.45,Japon Tabacco Co. 1,6.5,2.0,10,20
Pure Essence Japon,Sin Filtro,Rubio,Normal,f,1.38,11.89,Japon Tabacco Co. 1,6.5,2.0,10,20
Gold Leaf Japon,Sin Filtro,Rubio,Normal,t,0.92,2.57,Japon Tabacco Co. 2,6.5,2.0,10,20
Royal Blend Japon,Sin Filtro,Rubio,Normal,t,1.18,6.33,Japon Tabacco Co. 2,6.5,2.0,10,20
Mountain Mist Japon,Con Filtro,Negro,Normal,t,0.23,13.9,Japon Tabacco Co. 2,6.5,2.0,10,20
Ocean Breeze Japon,Sin Filtro,Negro,Normal,t,1.48,11.25,Japon Tabacco Co. 2,6.5,2.0,10,20
Urban Classic Japon,Sin Filtro,Rubio,Normal,t,0.5,8.9,Japon Tabacco Co. 2,6.5,2.0,10,20
Midnight Silk Japon,Con Filtro,Negro,UltraLight,f,1.29,3.65,Japon Tabacco Co. 2,6.5,2.0,10,20
Highland Peak Japon,Con Filtro,Negro,Normal,f,1.29,9.29,Japon Tabacco Co. 2,6.5,2.0,10,20
Silver Lining Japon,Sin Filtro,Rubio,Normal,f,1.17,12.42,Japon Tabacco Co. 2,6.5,2.0,10,20
Amber Haze Japon,Sin Filtro,Rubio,Normal,f,0.8,1.25,Japon Tabacco Co. 2,6.5,2.0,10,20
Pure Essence Japon,Sin Filtro,Negro,Normal,f,0.15,5.97,Japon Tabacco Co. 2,6.5,2.0,10,20
Gold Leaf Japon,Con Filtro,Negro,SuperLight,f,0.38,2.38,Japon Tabacco Co. 3,6.5,2.0,10,20
Royal Blend Japon,Sin Filtro,Negro,Normal,f,0.75,2.91,Japon Tabacco Co. 3,6.5,2.0,10,20
Mountain Mist Japon,Sin Filtro,Rubio,Normal,t,1.39,2.93,Japon Tabacco Co. 3,6.5,2.0,10,20
Ocean Breeze Japon,Sin Filtro,Negro,Normal,f,0.83,7.8,Japon Tabacco Co. 3,6.5,2.0,10,20
Urban Classic Japon,Con Filtro,Negro,Normal,f,0.59,10.56,Japon Tabacco Co. 3,6.5,2.0,10,20
Midnight Silk Japon,Sin Filtro,Negro,Normal,f,0.26,12.39,Japon Tabacco Co. 3,6.5,2.0,10,20
Highland Peak Japon,Con Filtro,Rubio,Light,f,1.12,11.86,Japon Tabacco Co. 3,6.5,2.0,10,20
Silver Lining Japon,Sin Filtro,Negro,Normal,f,0.92,3.84,Japon Tabacco Co. 3,6.5,2.0,10,20
Amber Haze Japon,Con Filtro,Rubio,Light,f,1.02,12.18,Japon Tabacco Co. 3,6.5,2.0,10,20
Pure Essence Japon,Sin Filtro,Negro,Normal,f,0.36,6.62,Japon Tabacco Co. 3,6.5,2.0,10,20
Gold Leaf Japon,Con Filtro,Rubio,Normal,f,0.86,7.51,Japon Tabacco Co. 4,6.5,2.0,10,20
Royal Blend Japon,Sin Filtro,Negro,Normal,t,1.46,7.1,Japon Tabacco Co. 4,6.5,2.0,10,20
Mountain Mist Japon,Con Filtro,Rubio,Normal,t,0.61,8.53,Japon Tabacco Co. 4,6.5,2.0,10,20
Ocean Breeze Japon,Sin Filtro,Rubio,Normal,t,0.36,11.64,Japon Tabacco Co. 4,6.5,2.0,10,20
Urban Classic Japon,Con Filtro,Rubio,Light,f,1.39,12.37,Japon Tabacco Co. 4,6.5,2.0,10,20
Midnight Silk Japon,Sin Filtro,Rubio,Normal,f,1.21,3.19,Japon Tabacco Co. 4,6.5,2.0,10,20
Highland Peak Japon,Sin Filtro,Negro,Normal,t,1.27,10.6,Japon Tabacco Co. 4,6.5,2.0,10,20
Silver Lining Japon,Sin Filtro,Negro,Normal,f,1.13,6.37,Japon Tabacco Co. 4,6.5,2.0,10,20
Amber Haze Japon,Con Filtro,Rubio,Normal,t,1.08,9.39,Japon Tabacco Co. 4,6.5,2.0,10,20
Pure Essence Japon,Sin Filtro,Negro,Normal,f,1.01,11.31,Japon Tabacco Co. 4,6.5,2.0,10,20
Gold Leaf Japon,Sin Filtro,Rubio,Normal,t,1.5,8.89,Japon Tabacco Co. 5,6.5,2.0,10,20
Royal Blend Japon,Con Filtro,Negro,Normal,t,0.55,6.09,Japon Tabacco Co. 5,6.5,2.0,10,20
Mountain Mist Japon,Con Filtro,Negro,Normal,t,1.29,4.5,Japon Tabacco Co. 5,6.5,2.0,10,20
Ocean Breeze Japon,Con Filtro,Rubio,Normal,f,1.49,12.09,Japon Tabacco Co. 5,6.5,2.0,10,20
Urban Classic Japon,Con Filtro,Rubio,Normal,t,0.8,6.52,Japon Tabacco Co. 5,6.5,2.0,10,20
Midnight Silk Japon,Sin Filtro,Rubio,Normal,f,0.73,12.85,Japon Tabacco Co. 5,6.5,2.0,10,20
Highland Peak Japon,Sin Filtro,Rubio,Normal,t,0.12,5.01,Japon Tabacco Co. 5,6.5,2.0,10,20
Silver Lining Japon,Sin Filtro,Rubio,Normal,f,1.29,10.43,Japon Tabacco Co. 5,6.5,2.0,10,20
Amber Haze Japon,Sin Filtro,Negro,Normal,t,1.27,13.54,Japon Tabacco Co. 5,6.5,2.0,10,20
Pure Essence Japon,Sin Filtro,Negro,Normal,t,0.15,2.73,Japon Tabacco Co. 5,6.5,2.0,10,20
Gold Leaf Japon,Con Filtro,Rubio,Normal,t,0.62,13.08,Japon Tabacco Co. 6,6.5,2.0,10,20
Royal Blend Japon,Sin Filtro,Rubio,Normal,t,0.95,8.55,Japon Tabacco Co. 6,6.5,2.0,10,20
Mountain Mist Japon,Sin Filtro,Rubio,Normal,f,1.15,8.02,Japon Tabacco Co. 6,6.5,2.0,10,20
Ocean Breeze Japon,Sin Filtro,Rubio,Normal,t,0.27,4.19,Japon Tabacco Co. 6,6.5,2.0,10,20
Urban Classic Japon,Con Filtro,Negro,SuperLight,f,0.23,11.79,Japon Tabacco Co. 6,6.5,2.0,10,20
Midnight Silk Japon,Con Filtro,Negro,SuperLight,f,0.85,10.53,Japon Tabacco Co. 6,6.5,2.0,10,20
Highland Peak Japon,Con Filtro,Rubio,Normal,t,0.67,8.78,Japon Tabacco Co. 6,6.5,2.0,10,20
Silver Lining Japon,Con Filtro,Negro,SuperLight,f,1.14,5.92,Japon Tabacco Co. 6,6.5,2.0,10,20
Amber Haze Japon,Sin Filtro,Rubio,Normal,t,0.19,2.42,Japon Tabacco Co. 6,6.5,2.0,10,20
Pure Essence Japon,Con Filtro,Negro,UltraLight,f,0.56,5.51,Japon Tabacco Co. 6,6.5,2.0,10,20
Gold Leaf Japon,Con Filtro,Rubio,Normal,t,1.09,3.67,Japon Tabacco Co. 7,6.5,2.0,10,20
Royal Blend Japon,Con Filtro,Rubio,SuperLight,f,1.44,5.81,Japon Tabacco Co. 7,6.5,2.0,10,20
Mountain Mist Japon,Con Filtro,Rubio,Light,f,1.28,3.71,Japon Tabacco Co. 7,6.5,2.0,10,20
Ocean Breeze Japon,Sin Filtro,Rubio,Normal,t,0.44,5.7,Japon Tabacco Co. 7,6.5,2.0,10,20
Urban Classic Japon,Sin Filtro,Rubio,Normal,f,0.87,6.18,Japon Tabacco Co. 7,6.5,2.0,10,20
Midnight Silk Japon,Sin Filtro,Rubio,Normal,f,0.79,2.53,Japon Tabacco Co. 7,6.5,2.0,10,20
Highland Peak Japon,Sin Filtro,Rubio,Normal,f,0.59,6.31,Japon Tabacco Co. 7,6.5,2.0,10,20
Silver Lining Japon,Con Filtro,Negro,UltraLight,f,1.18,11.22,Japon Tabacco Co. 7,6.5,2.0,10,20
Amber Haze Japon,Con Filtro,Rubio,Normal,t,1.5,8.98,Japon Tabacco Co. 7,6.5,2.0,10,20
Pure Essence Japon,Sin Filtro,Rubio,Normal,t,0.4,13.5,Japon Tabacco Co. 7,6.5,2.0,10,20
Gold Leaf Japon,Con Filtro,Rubio,Normal,t,0.12,10.43,Japon Tabacco Co. 8,6.5,2.0,10,20
Royal Blend Japon,Sin Filtro,Rubio,Normal,f,0.29,12.91,Japon Tabacco Co. 8,6.5,2.0,10,20
Mountain Mist Japon,Con Filtro,Negro,Normal,t,0.51,5.33,Japon Tabacco Co. 8,6.5,2.0,10,20
Ocean Breeze Japon,Sin Filtro,Rubio,Normal,t,0.16,13.19,Japon Tabacco Co. 8,6.5,2.0,10,20
Urban Classic Japon,Sin Filtro,Negro,Normal,f,0.47,6.89,Japon Tabacco Co. 8,6.5,2.0,10,20
Midnight Silk Japon,Con Filtro,Rubio,Normal,f,1.36,1.96,Japon Tabacco Co. 8,6.5,2.0,10,20
Highland Peak Japon,Con Filtro,Rubio,Light,f,0.16,10.38,Japon Tabacco Co. 8,6.5,2.0,10,20
Silver Lining Japon,Con Filtro,Rubio,Normal,f,1.35,13.66,Japon Tabacco Co. 8,6.5,2.0,10,20
Amber Haze Japon,Con Filtro,Rubio,Normal,t,1.3,12.89,Japon Tabacco Co. 8,6.5,2.0,10,20
Pure Essence Japon,Con Filtro,Negro,Light,f,1.37,12.82,Japon Tabacco Co. 8,6.5,2.0,10,20
Gold Leaf Japon,Sin Filtro,Negro,Normal,t,0.49,8.95,Japon Tabacco Co. 9,6.5,2.0,10,20
Royal Blend Japon,Sin Filtro,Rubio,Normal,t,0.5,4.92,Japon Tabacco Co. 9,6.5,2.0,10,20
Mountain Mist Japon,Con Filtro,Negro,Normal,t,0.85,4.72,Japon Tabacco Co. 9,6.5,2.0,10,20
Ocean Breeze Japon,Sin Filtro,Rubio,Normal,t,0.75,3.38,Japon Tabacco Co. 9,6.5,2.0,10,20
Urban Classic Japon,Con Filtro,Negro,Normal,t,1.37,12.3,Japon Tabacco Co. 9,6.5,2.0,10,20
Midnight Silk Japon,Con Filtro,Rubio,Light,f,0.95,2.2,Japon Tabacco Co. 9,6.5,2.0,10,20
Highland Peak Japon,Sin Filtro,Rubio,Normal,f,1.01,11.49,Japon Tabacco Co. 9,6.5,2.0,10,20
Silver Lining Japon,Con Filtro,Negro,Normal,t,1.27,1.39,Japon Tabacco Co. 9,6.5,2.0,10,20
Amber Haze Japon,Sin Filtro,Negro,Normal,t,0.78,8.26,Japon Tabacco Co. 9,6.5,2.0,10,20
Pure Essence Japon,Sin Filtro,Negro,Normal,t,0.98,4.68,Japon Tabacco Co. 9,6.5,2.0,10,20
Gold Leaf Japon,Sin Filtro,Negro,Normal,f,0.71,6.22,Japon Tabacco Co. 10,6.5,2.0,10,20
Royal Blend Japon,Sin Filtro,Negro,Normal,t,0.91,8.29,Japon Tabacco Co. 10,6.5,2.0,10,20
Mountain Mist Japon,Sin Filtro,Negro,Normal,t,0.23,5.2,Japon Tabacco Co. 10,6.5,2.0,10,20
Ocean Breeze Japon,Con Filtro,Rubio,Normal,t,0.55,10.55,Japon Tabacco Co. 10,6.5,2.0,10,20
Urban Classic Japon,Sin Filtro,Rubio,Normal,t,0.39,4.37,Japon Tabacco Co. 10,6.5,2.0,10,20
Midnight Silk Japon,Con Filtro,Rubio,Normal,t,0.24,6.18,Japon Tabacco Co. 10,6.5,2.0,10,20
Highland Peak Japon,Sin Filtro,Rubio,Normal,t,1.19,5.56,Japon Tabacco Co. 10,6.5,2.0,10,20
Silver Lining Japon,Con Filtro,Rubio,Light,f,0.69,4.76,Japon Tabacco Co. 10,6.5,2.0,10,20
Amber Haze Japon,Sin Filtro,Rubio,Normal,f,0.24,9.55,Japon Tabacco Co. 10,6.5,2.0,10,20
Pure Essence Japon,Con Filtro,Negro,Normal,t,1.26,7.73,Japon Tabacco Co. 10,6.5,2.0,10,20
