Chile Tabacco Co. 1,Chile
Chile Tabacco Co. 2,Chile
Chile Tabacco Co. 3,Chile
Chile Tabacco Co. 4,Chile
Chile Tabacco Co. 5,Chile
Chile Tabacco Co. 6,Chile
Chile Tabacco Co. 7,Chile
Chile Tabacco Co. 8,Chile
Chile Tabacco Co. 9,Chile
Chile Tabacco Co. 10,Chile
Argentina Tabacco Co. 1,Argentina
Argentina Tabacco Co. 2,Argentina
Argentina Tabacco Co. 3,Argentina
Argentina Tabacco Co. 4,Argentina
Argentina Tabacco Co. 5,Argentina
Argentina Tabacco Co. 6,Argentina
Argentina Tabacco Co. 7,Argentina
Argentina Tabacco Co. 8,Argentina
Argentina Tabacco Co. 9,Argentina
Argentina Tabacco Co. 10,Argentina
Reino Unido Tabacco Co. 1,Reino Unido
Reino Unido Tabacco Co. 2,Reino Unido
Reino Unido Tabacco Co. 3,Reino Unido
Reino Unido Tabacco Co. 4,Reino Unido
Reino Unido Tabacco Co. 5,Reino Unido
Reino Unido Tabacco Co. 6,Reino Unido
Reino Unido Tabacco Co. 7,Reino Unido
Reino Unido Tabacco Co. 8,Reino Unido
Reino Unido Tabacco Co. 9,Reino Unido
Reino Unido Tabacco Co. 10,Reino Unido
Alemania Tabacco Co. 1,Alemania
Alemania Tabacco Co. 2,Alemania
Alemania Tabacco Co. 3,Alemania
Alemania Tabacco Co. 4,Alemania
Alemania Tabacco Co. 5,Alemania
Alemania Tabacco Co. 6,Alemania
Alemania Tabacco Co. 7,Alemania
Alemania Tabacco Co. 8,Alemania
Alemania Tabacco Co. 9,Alemania
Alemania Tabacco Co. 10,Alemania
Japon Tabacco Co. 1,Japon
Japon Tabacco Co. 2,Japon
Japon Tabacco Co. 3,Japon
Japon Tabacco Co. 4,Japon
Japon Tabacco Co. 5,Japon
Japon Tabacco Co. 6,Japon
Japon Tabacco Co. 7,Japon
Japon Tabacco Co. 8,Japon
Japon Tabacco Co. 9,Japon
Japon Tabacco Co. 10,Japon
